Company Name,Filing Type,Filing Date,Weblink
gap inc,10-Q,2024-08-30,https://www.sec.gov/Archives/edgar/data/39911/000003991124000179/0000039911-24-000179-index.htm
gap inc,10-Q,2024-05-31,https://www.sec.gov/Archives/edgar/data/39911/000003991124000128/0000039911-24-000128-index.htm
gap inc,10-Q,2023-11-21,https://www.sec.gov/Archives/edgar/data/39911/000003991123000132/0000039911-23-000132-index.htm
gap inc,10-Q,2023-08-25,https://www.sec.gov/Archives/edgar/data/39911/000003991123000110/0000039911-23-000110-index.htm
gap inc,10-Q,2023-05-26,https://www.sec.gov/Archives/edgar/data/39911/000003991123000043/0000039911-23-000043-index.htm
gap inc,10-Q,2022-11-22,https://www.sec.gov/Archives/edgar/data/39911/000003991122000093/0000039911-22-000093-index.htm
gap inc,10-Q,2022-08-26,https://www.sec.gov/Archives/edgar/data/39911/000003991122000071/0000039911-22-000071-index.htm
gap inc,10-Q,2022-05-27,https://www.sec.gov/Archives/edgar/data/39911/000003991122000037/0000039911-22-000037-index.htm
gap inc,10-Q,2021-11-24,https://www.sec.gov/Archives/edgar/data/39911/000003991121000132/0000039911-21-000132-index.htm
gap inc,10-Q,2021-08-27,https://www.sec.gov/Archives/edgar/data/39911/000003991121000108/0000039911-21-000108-index.htm
gap inc,10-Q,2021-05-28,https://www.sec.gov/Archives/edgar/data/39911/000003991121000063/0000039911-21-000063-index.htm
gap inc,10-Q,2020-11-25,https://www.sec.gov/Archives/edgar/data/39911/000003991120000139/0000039911-20-000139-index.htm
gap inc,10-Q,2020-08-31,https://www.sec.gov/Archives/edgar/data/39911/000003991120000108/0000039911-20-000108-index.htm
gap inc,10-Q,2020-06-09,https://www.sec.gov/Archives/edgar/data/39911/000003991120000069/0000039911-20-000069-index.htm
gap inc,10-Q,2019-11-27,https://www.sec.gov/Archives/edgar/data/39911/000003991119000142/0000039911-19-000142-index.htm
gap inc,10-Q,2019-08-30,https://www.sec.gov/Archives/edgar/data/39911/000003991119000109/0000039911-19-000109-index.htm
gap inc,10-Q,2019-05-31,https://www.sec.gov/Archives/edgar/data/39911/000003991119000066/0000039911-19-000066-index.htm
gap inc,10-Q,2018-11-30,https://www.sec.gov/Archives/edgar/data/39911/000003991118000155/0000039911-18-000155-index.htm
gap inc,10-Q,2018-08-31,https://www.sec.gov/Archives/edgar/data/39911/000003991118000134/0000039911-18-000134-index.htm
gap inc,10-Q,2018-06-01,https://www.sec.gov/Archives/edgar/data/39911/000003991118000092/0000039911-18-000092-index.htm
gap inc,10-Q,2017-11-22,https://www.sec.gov/Archives/edgar/data/39911/000003991117000157/0000039911-17-000157-index.htm
gap inc,10-Q,2017-08-25,https://www.sec.gov/Archives/edgar/data/39911/000003991117000121/0000039911-17-000121-index.htm
gap inc,10-Q/A,2017-08-24,https://www.sec.gov/Archives/edgar/data/39911/000003991117000119/0000039911-17-000119-index.htm
gap inc,10-Q,2017-06-05,https://www.sec.gov/Archives/edgar/data/39911/000003991117000089/0000039911-17-000089-index.htm
gap inc,10-Q,2016-12-05,https://www.sec.gov/Archives/edgar/data/39911/000003991116000388/0000039911-16-000388-index.htm
gap inc,10-Q,2016-09-02,https://www.sec.gov/Archives/edgar/data/39911/000003991116000358/0000039911-16-000358-index.htm
gap inc,10-Q,2016-06-03,https://www.sec.gov/Archives/edgar/data/39911/000003991116000317/0000039911-16-000317-index.htm
gap inc,10-Q,2015-12-08,https://www.sec.gov/Archives/edgar/data/39911/000003991115000215/0000039911-15-000215-index.htm
gap inc,10-Q,2015-09-08,https://www.sec.gov/Archives/edgar/data/39911/000003991115000180/0000039911-15-000180-index.htm
gap inc,10-Q,2015-06-08,https://www.sec.gov/Archives/edgar/data/39911/000003991115000130/0000039911-15-000130-index.htm
gap inc,10-Q,2014-12-08,https://www.sec.gov/Archives/edgar/data/39911/000003991114000175/0000039911-14-000175-index.htm
gap inc,10-Q/A,2014-10-10,https://www.sec.gov/Archives/edgar/data/39911/000003991114000154/0000039911-14-000154-index.htm
gap inc,10-Q,2014-09-05,https://www.sec.gov/Archives/edgar/data/39911/000003991114000142/0000039911-14-000142-index.htm
gap inc,10-Q,2014-06-10,https://www.sec.gov/Archives/edgar/data/39911/000003991114000092/0000039911-14-000092-index.htm
gap inc,10-Q,2013-12-09,https://www.sec.gov/Archives/edgar/data/39911/000003991113000190/0000039911-13-000190-index.htm
gap inc,10-Q/A,2013-09-12,https://www.sec.gov/Archives/edgar/data/39911/000003991113000148/0000039911-13-000148-index.htm
gap inc,10-Q,2013-09-06,https://www.sec.gov/Archives/edgar/data/39911/000003991113000143/0000039911-13-000143-index.htm
gap inc,10-Q,2013-06-11,https://www.sec.gov/Archives/edgar/data/39911/000003991113000103/0000039911-13-000103-index.htm
gap inc,10-Q/A,2012-12-04,https://www.sec.gov/Archives/edgar/data/39911/000003991112000099/0000039911-12-000099-index.htm
gap inc,10-Q,2012-12-03,https://www.sec.gov/Archives/edgar/data/39911/000003991112000097/0000039911-12-000097-index.htm
gap inc,10-Q,2012-08-31,https://www.sec.gov/Archives/edgar/data/39911/000119312512377297/0001193125-12-377297-index.htm
gap inc,10-Q,2012-06-06,https://www.sec.gov/Archives/edgar/data/39911/000119312512261722/0001193125-12-261722-index.htm
gap inc,10-Q,2011-12-07,https://www.sec.gov/Archives/edgar/data/39911/000119312511333590/0001193125-11-333590-index.htm
gap inc,10-Q,2011-09-07,https://www.sec.gov/Archives/edgar/data/39911/000119312511242252/0001193125-11-242252-index.htm
gap inc,10-Q,2011-06-08,https://www.sec.gov/Archives/edgar/data/39911/000119312511161251/0001193125-11-161251-index.htm
gap inc,10-Q,2010-12-08,https://www.sec.gov/Archives/edgar/data/39911/000119312510276610/0001193125-10-276610-index.htm
gap inc,10-Q,2010-09-09,https://www.sec.gov/Archives/edgar/data/39911/000119312510207336/0001193125-10-207336-index.htm
gap inc,10-Q,2010-06-08,https://www.sec.gov/Archives/edgar/data/39911/000119312510134995/0001193125-10-134995-index.htm
gap inc,10-K,2024-03-19,https://www.sec.gov/Archives/edgar/data/39911/000003991124000066/0000039911-24-000066-index.htm
gap inc,10-K,2023-03-14,https://www.sec.gov/Archives/edgar/data/39911/000003991123000015/0000039911-23-000015-index.htm
gap inc,10-K,2022-03-15,https://www.sec.gov/Archives/edgar/data/39911/000003991122000012/0000039911-22-000012-index.htm
gap inc,10-K,2021-03-16,https://www.sec.gov/Archives/edgar/data/39911/000003991121000021/0000039911-21-000021-index.htm
gap inc,10-K,2020-03-17,https://www.sec.gov/Archives/edgar/data/39911/000003991120000019/0000039911-20-000019-index.htm
gap inc,10-K,2019-03-19,https://www.sec.gov/Archives/edgar/data/39911/000003991119000023/0000039911-19-000023-index.htm
gap inc,10-K,2018-03-20,https://www.sec.gov/Archives/edgar/data/39911/000003991118000048/0000039911-18-000048-index.htm
gap inc,10-K,2017-03-20,https://www.sec.gov/Archives/edgar/data/39911/000003991117000058/0000039911-17-000058-index.htm
gap inc,10-K,2016-03-21,https://www.sec.gov/Archives/edgar/data/39911/000003991116000269/0000039911-16-000269-index.htm
gap inc,10-K,2015-03-23,https://www.sec.gov/Archives/edgar/data/39911/000003991115000101/0000039911-15-000101-index.htm
gap inc,10-K,2014-03-24,https://www.sec.gov/Archives/edgar/data/39911/000003991114000045/0000039911-14-000045-index.htm
gap inc,10-K,2013-03-26,https://www.sec.gov/Archives/edgar/data/39911/000003991113000057/0000039911-13-000057-index.htm
gap inc,10-K,2012-03-26,https://www.sec.gov/Archives/edgar/data/39911/000119312512132098/0001193125-12-132098-index.htm
gap inc,10-K,2011-03-28,https://www.sec.gov/Archives/edgar/data/39911/000119312511079691/0001193125-11-079691-index.htm
gap inc,10-K,2010-03-26,https://www.sec.gov/Archives/edgar/data/39911/000119312510068386/0001193125-10-068386-index.htm
